"J D I (JUST DRONE IT)";;0;"FRANCE";
"SUR UNE ÎLE";"53 RTE DE DOMENJOD ";"97490 SAINTE CLOTILDE";"FRANCE";
"TF1";"1 QUAI DE POINT DU JOUR ";"92100 BOULOGNE BILLANCOURT";"FRANCE";"http://www.tf1.fr/"
"TOURIPROD";"360 AVENUE DE LA LIBERATION ";"83740 LA CADIERE";"FRANCE";"http://www.touriprod.com/"
"VUDUO";"73 RUE DU 8 MAI 1945 ";"54410 LANEUVILLE DEVANT NANCY";"FRANCE";"http://www.vuduo.eu/"
"VUE DU CIEL";"15 CHEMIN DU 4EME HUSSARDS ";"27490 LA CROIX SAINT IEUFROY";"FRANCE";
"WAZABEE";"62 BOULEVARD DU CHAUDRON";"97490 SAINTE- CLOTILDE";"FRANCE";"http://www.wazabee.fr/"
"WESTDRONE";"2 ALLEE DES MIMOSAS ";"56270 PLOMEUR";"FRANCE";"http://www.westdrone.com/"
